Severity,ID,Description,Fix Versions
Negligible,CVE-2011-3374,"It was found that apt-key in apt, all versions, do not correctly validate gpg keys with the master keyring, leading to a potential man-in-the-middle attack.",None
Negligible,CVE-2022-0563,"A flaw was found in the util-linux chfn and chsh utilities when compiled with Readline support. The Readline library uses an ""INPUTRC"" environment variable to get a path to the library config file. When the library cannot parse the specified file, it prints an error message containing data from the file. This flaw allows an unprivileged user to read root-owned files, potentially leading to privilege escalation. This flaw affects util-linux versions prior to 2.37.4.",None
Negligible,CVE-2017-18018,"In GNU Coreutils through 8.29, chown-core.c in chown and chgrp does not prevent replacement of a plain file with a symlink during use of the POSIX ""-R -L"" options, which allows local users to modify the ownership of arbitrary files by leveraging a race condition.",None
Negligible,CVE-2023-4039,"**DISPUTED**A failure in the -fstack-protector feature in GCC-based toolchains  that target AArch64 allows an attacker to exploit an existing buffer  overflow in dynamically-sized local variables in your application  without this being detected. This stack-protector failure only applies  to C99-style dynamically-sized local variables or those created using  alloca(). The stack-protector operates as intended for statically-sized  local variables.  The default behavior when the stack-protector  detects an overflow is to terminate your application, resulting in  controlled loss of availability. An attacker who can exploit a buffer  overflow without triggering the stack-protector might be able to change  program flow control to cause an uncontrolled loss of availability or to  go further and affect confidentiality or integrity. NOTE: The GCC project argues that this is a missed hardening bug and not a vulnerability by itself.",None
Negligible,CVE-2022-27943,"libiberty/rust-demangle.c in GNU GCC 11.2 allows stack consumption in demangle_const, as demonstrated by nm-new.",None
Negligible,CVE-2022-3219,"GnuPG can be made to spin on a relatively small input by (for example) crafting a public key with thousands of signatures attached, compressed down to just a few KB.",None
Negligible,CVE-2024-26461,Kerberos 5 (aka krb5) 1.21.2 contains a memory leak vulnerability in /krb5/src/lib/gssapi/krb5/k5sealv3.c.,None
Negligible,CVE-2024-26458,Kerberos 5 (aka krb5) 1.21.2 contains a memory leak in /krb5/src/lib/rpc/pmap_rmt.c.,None
Negligible,CVE-2018-5709,"An issue was discovered in MIT Kerberos 5 (aka krb5) through 1.16. There is a variable ""dbentry->n_key_data"" in kadmin/dbutil/dump.c that can store 16-bit data but unknowingly the developer has assigned a ""u4"" variable to it, which is for 32-bit data. An attacker can use this vulnerability to affect other artifacts of the database as we know that a Kerberos database dump file contains trusted data.",None
Negligible,CVE-2011-3374,"It was found that apt-key in apt, all versions, do not correctly validate gpg keys with the master keyring, leading to a potential man-in-the-middle attack.",None
Negligible,CVE-2022-0563,"A flaw was found in the util-linux chfn and chsh utilities when compiled with Readline support. The Readline library uses an ""INPUTRC"" environment variable to get a path to the library config file. When the library cannot parse the specified file, it prints an error message containing data from the file. This flaw allows an unprivileged user to read root-owned files, potentially leading to privilege escalation. This flaw affects util-linux versions prior to 2.37.4.",None
Negligible,CVE-2019-9192,"In the GNU C Library (aka glibc or libc6) through 2.29, check_dst_limits_calc_pos_1 in posix/regexec.c has Uncontrolled Recursion, as demonstrated by '(|)(\\1\\1)*' in grep, a different issue than CVE-2018-20796. NOTE: the software maintainer disputes that this is a vulnerability because the behavior occurs only with a crafted pattern",None
Negligible,CVE-2019-1010025,"GNU Libc current is affected by: Mitigation bypass. The impact is: Attacker may guess the heap addresses of pthread_created thread. The component is: glibc. NOTE: the vendor's position is ""ASLR bypass itself is not a vulnerability.",None
Negligible,CVE-2019-1010024,"GNU Libc current is affected by: Mitigation bypass. The impact is: Attacker may bypass ASLR using cache of thread stack and heap. The component is: glibc. NOTE: Upstream comments indicate ""this is being treated as a non-security bug and no real threat.",None
Negligible,CVE-2019-1010023,"GNU Libc current is affected by: Re-mapping current loaded library with malicious ELF file. The impact is: In worst case attacker may evaluate privileges. The component is: libld. The attack vector is: Attacker sends 2 ELF files to victim and asks to run ldd on it. ldd execute code. NOTE: Upstream comments indicate ""this is being treated as a non-security bug and no real threat.",None
Negligible,CVE-2019-1010022,"GNU Libc current is affected by: Mitigation bypass. The impact is: Attacker may bypass stack guard protection. The component is: nptl. The attack vector is: Exploit stack buffer overflow vulnerability and use this bypass vulnerability to bypass stack guard. NOTE: Upstream comments indicate ""this is being treated as a non-security bug and no real threat.",None
Negligible,CVE-2018-20796,"In the GNU C Library (aka glibc or libc6) through 2.29, check_dst_limits_calc_pos_1 in posix/regexec.c has Uncontrolled Recursion, as demonstrated by '(\227|)(\\1\\1|t1|\\\2537)+' in grep.",None
Negligible,CVE-2010-4756,"The glob implementation in the GNU C Library (aka glibc or libc6) allows remote authenticated users to cause a denial of service (CPU and memory consumption) via crafted glob expressions that do not match any pathnames, as demonstrated by glob expressions in STAT commands to an FTP daemon, a different vulnerability than CVE-2010-2632.",None
Negligible,CVE-2019-9192,"In the GNU C Library (aka glibc or libc6) through 2.29, check_dst_limits_calc_pos_1 in posix/regexec.c has Uncontrolled Recursion, as demonstrated by '(|)(\\1\\1)*' in grep, a different issue than CVE-2018-20796. NOTE: the software maintainer disputes that this is a vulnerability because the behavior occurs only with a crafted pattern",None
Negligible,CVE-2019-1010025,"GNU Libc current is affected by: Mitigation bypass. The impact is: Attacker may guess the heap addresses of pthread_created thread. The component is: glibc. NOTE: the vendor's position is ""ASLR bypass itself is not a vulnerability.",None
Negligible,CVE-2019-1010024,"GNU Libc current is affected by: Mitigation bypass. The impact is: Attacker may bypass ASLR using cache of thread stack and heap. The component is: glibc. NOTE: Upstream comments indicate ""this is being treated as a non-security bug and no real threat.",None
Negligible,CVE-2019-1010023,"GNU Libc current is affected by: Re-mapping current loaded library with malicious ELF file. The impact is: In worst case attacker may evaluate privileges. The component is: libld. The attack vector is: Attacker sends 2 ELF files to victim and asks to run ldd on it. ldd execute code. NOTE: Upstream comments indicate ""this is being treated as a non-security bug and no real threat.",None
Negligible,CVE-2019-1010022,"GNU Libc current is affected by: Mitigation bypass. The impact is: Attacker may bypass stack guard protection. The component is: nptl. The attack vector is: Exploit stack buffer overflow vulnerability and use this bypass vulnerability to bypass stack guard. NOTE: Upstream comments indicate ""this is being treated as a non-security bug and no real threat.",None
Negligible,CVE-2018-20796,"In the GNU C Library (aka glibc or libc6) through 2.29, check_dst_limits_calc_pos_1 in posix/regexec.c has Uncontrolled Recursion, as demonstrated by '(\227|)(\\1\\1|t1|\\\2537)+' in grep.",None
Negligible,CVE-2010-4756,"The glob implementation in the GNU C Library (aka glibc or libc6) allows remote authenticated users to cause a denial of service (CPU and memory consumption) via crafted glob expressions that do not match any pathnames, as demonstrated by glob expressions in STAT commands to an FTP daemon, a different vulnerability than CVE-2010-2632.",None
Negligible,CVE-2019-9192,"In the GNU C Library (aka glibc or libc6) through 2.29, check_dst_limits_calc_pos_1 in posix/regexec.c has Uncontrolled Recursion, as demonstrated by '(|)(\\1\\1)*' in grep, a different issue than CVE-2018-20796. NOTE: the software maintainer disputes that this is a vulnerability because the behavior occurs only with a crafted pattern",None
Negligible,CVE-2019-1010025,"GNU Libc current is affected by: Mitigation bypass. The impact is: Attacker may guess the heap addresses of pthread_created thread. The component is: glibc. NOTE: the vendor's position is ""ASLR bypass itself is not a vulnerability.",None
Negligible,CVE-2019-1010024,"GNU Libc current is affected by: Mitigation bypass. The impact is: Attacker may bypass ASLR using cache of thread stack and heap. The component is: glibc. NOTE: Upstream comments indicate ""this is being treated as a non-security bug and no real threat.",None
Negligible,CVE-2019-1010023,"GNU Libc current is affected by: Re-mapping current loaded library with malicious ELF file. The impact is: In worst case attacker may evaluate privileges. The component is: libld. The attack vector is: Attacker sends 2 ELF files to victim and asks to run ldd on it. ldd execute code. NOTE: Upstream comments indicate ""this is being treated as a non-security bug and no real threat.",None
Negligible,CVE-2019-1010022,"GNU Libc current is affected by: Mitigation bypass. The impact is: Attacker may bypass stack guard protection. The component is: nptl. The attack vector is: Exploit stack buffer overflow vulnerability and use this bypass vulnerability to bypass stack guard. NOTE: Upstream comments indicate ""this is being treated as a non-security bug and no real threat.",None
Negligible,CVE-2018-20796,"In the GNU C Library (aka glibc or libc6) through 2.29, check_dst_limits_calc_pos_1 in posix/regexec.c has Uncontrolled Recursion, as demonstrated by '(\227|)(\\1\\1|t1|\\\2537)+' in grep.",None
Negligible,CVE-2010-4756,"The glob implementation in the GNU C Library (aka glibc or libc6) allows remote authenticated users to cause a denial of service (CPU and memory consumption) via crafted glob expressions that do not match any pathnames, as demonstrated by glob expressions in STAT commands to an FTP daemon, a different vulnerability than CVE-2010-2632.",None
Negligible,CVE-2019-9192,"In the GNU C Library (aka glibc or libc6) through 2.29, check_dst_limits_calc_pos_1 in posix/regexec.c has Uncontrolled Recursion, as demonstrated by '(|)(\\1\\1)*' in grep, a different issue than CVE-2018-20796. NOTE: the software maintainer disputes that this is a vulnerability because the behavior occurs only with a crafted pattern",None
Negligible,CVE-2019-1010025,"GNU Libc current is affected by: Mitigation bypass. The impact is: Attacker may guess the heap addresses of pthread_created thread. The component is: glibc. NOTE: the vendor's position is ""ASLR bypass itself is not a vulnerability.",None
Negligible,CVE-2019-1010024,"GNU Libc current is affected by: Mitigation bypass. The impact is: Attacker may bypass ASLR using cache of thread stack and heap. The component is: glibc. NOTE: Upstream comments indicate ""this is being treated as a non-security bug and no real threat.",None
Negligible,CVE-2019-1010023,"GNU Libc current is affected by: Re-mapping current loaded library with malicious ELF file. The impact is: In worst case attacker may evaluate privileges. The component is: libld. The attack vector is: Attacker sends 2 ELF files to victim and asks to run ldd on it. ldd execute code. NOTE: Upstream comments indicate ""this is being treated as a non-security bug and no real threat.",None
Negligible,CVE-2019-1010022,"GNU Libc current is affected by: Mitigation bypass. The impact is: Attacker may bypass stack guard protection. The component is: nptl. The attack vector is: Exploit stack buffer overflow vulnerability and use this bypass vulnerability to bypass stack guard. NOTE: Upstream comments indicate ""this is being treated as a non-security bug and no real threat.",None
Negligible,CVE-2018-20796,"In the GNU C Library (aka glibc or libc6) through 2.29, check_dst_limits_calc_pos_1 in posix/regexec.c has Uncontrolled Recursion, as demonstrated by '(\227|)(\\1\\1|t1|\\\2537)+' in grep.",None
Negligible,CVE-2010-4756,"The glob implementation in the GNU C Library (aka glibc or libc6) allows remote authenticated users to cause a denial of service (CPU and memory consumption) via crafted glob expressions that do not match any pathnames, as demonstrated by glob expressions in STAT commands to an FTP daemon, a different vulnerability than CVE-2010-2632.",None
Negligible,CVE-2019-9192,"In the GNU C Library (aka glibc or libc6) through 2.29, check_dst_limits_calc_pos_1 in posix/regexec.c has Uncontrolled Recursion, as demonstrated by '(|)(\\1\\1)*' in grep, a different issue than CVE-2018-20796. NOTE: the software maintainer disputes that this is a vulnerability because the behavior occurs only with a crafted pattern",None
Negligible,CVE-2019-1010025,"GNU Libc current is affected by: Mitigation bypass. The impact is: Attacker may guess the heap addresses of pthread_created thread. The component is: glibc. NOTE: the vendor's position is ""ASLR bypass itself is not a vulnerability.",None
Negligible,CVE-2019-1010024,"GNU Libc current is affected by: Mitigation bypass. The impact is: Attacker may bypass ASLR using cache of thread stack and heap. The component is: glibc. NOTE: Upstream comments indicate ""this is being treated as a non-security bug and no real threat.",None
Negligible,CVE-2019-1010023,"GNU Libc current is affected by: Re-mapping current loaded library with malicious ELF file. The impact is: In worst case attacker may evaluate privileges. The component is: libld. The attack vector is: Attacker sends 2 ELF files to victim and asks to run ldd on it. ldd execute code. NOTE: Upstream comments indicate ""this is being treated as a non-security bug and no real threat.",None
Negligible,CVE-2019-1010022,"GNU Libc current is affected by: Mitigation bypass. The impact is: Attacker may bypass stack guard protection. The component is: nptl. The attack vector is: Exploit stack buffer overflow vulnerability and use this bypass vulnerability to bypass stack guard. NOTE: Upstream comments indicate ""this is being treated as a non-security bug and no real threat.",None
Negligible,CVE-2018-20796,"In the GNU C Library (aka glibc or libc6) through 2.29, check_dst_limits_calc_pos_1 in posix/regexec.c has Uncontrolled Recursion, as demonstrated by '(\227|)(\\1\\1|t1|\\\2537)+' in grep.",None
Negligible,CVE-2010-4756,"The glob implementation in the GNU C Library (aka glibc or libc6) allows remote authenticated users to cause a denial of service (CPU and memory consumption) via crafted glob expressions that do not match any pathnames, as demonstrated by glob expressions in STAT commands to an FTP daemon, a different vulnerability than CVE-2010-2632.",None
Negligible,CVE-2024-28757,libexpat through 2.6.1 allows an XML Entity Expansion attack when there is isolated use of external parsers (created via XML_ExternalEntityParserCreate).,None
Negligible,CVE-2023-52426,libexpat through 2.5.0 allows recursive XML Entity Expansion if XML_DTD is undefined at compile time.,None
Negligible,CVE-2023-4039,"**DISPUTED**A failure in the -fstack-protector feature in GCC-based toolchains  that target AArch64 allows an attacker to exploit an existing buffer  overflow in dynamically-sized local variables in your application  without this being detected. This stack-protector failure only applies  to C99-style dynamically-sized local variables or those created using  alloca(). The stack-protector operates as intended for statically-sized  local variables.  The default behavior when the stack-protector  detects an overflow is to terminate your application, resulting in  controlled loss of availability. An attacker who can exploit a buffer  overflow without triggering the stack-protector might be able to change  program flow control to cause an uncontrolled loss of availability or to  go further and affect confidentiality or integrity. NOTE: The GCC project argues that this is a missed hardening bug and not a vulnerability by itself.",None
Negligible,CVE-2022-27943,"libiberty/rust-demangle.c in GNU GCC 11.2 allows stack consumption in demangle_const, as demonstrated by nm-new.",None
Negligible,CVE-2018-6829,"cipher/elgamal.c in Libgcrypt through 1.8.2, when used to encrypt messages directly, improperly encodes plaintexts, which allows attackers to obtain sensitive information by reading ciphertext data (i.e., it does not have semantic security in face of a ciphertext-only attack). The Decisional Diffie-Hellman (DDH) assumption does not hold for Libgcrypt's ElGamal implementation.",None
Negligible,CVE-2011-3389,"The SSL protocol, as used in certain configurations in Microsoft Windows and Microsoft Internet Explorer, Mozilla Firefox, Google Chrome, Opera, and other products, encrypts data by using CBC mode with chained initialization vectors, which allows man-in-the-middle attackers to obtain plaintext HTTP headers via a blockwise chosen-boundary attack (BCBA) on an HTTPS session, in conjunction with JavaScript code that uses (1) the HTML5 WebSocket API, (2) the Java URLConnection API, or (3) the Silverlight WebClient API, aka a ""BEAST"" attack.",None
Negligible,CVE-2024-26461,Kerberos 5 (aka krb5) 1.21.2 contains a memory leak vulnerability in /krb5/src/lib/gssapi/krb5/k5sealv3.c.,None
Negligible,CVE-2024-26458,Kerberos 5 (aka krb5) 1.21.2 contains a memory leak in /krb5/src/lib/rpc/pmap_rmt.c.,None
Negligible,CVE-2018-5709,"An issue was discovered in MIT Kerberos 5 (aka krb5) through 1.16. There is a variable ""dbentry->n_key_data"" in kadmin/dbutil/dump.c that can store 16-bit data but unknowingly the developer has assigned a ""u4"" variable to it, which is for 32-bit data. An attacker can use this vulnerability to affect other artifacts of the database as we know that a Kerberos database dump file contains trusted data.",None
Negligible,CVE-2024-25269,libheif <= 1.17.6 contains a memory leak in the function JpegEncoder::Encode. This flaw allows an attacker to cause a denial of service attack.,None
Negligible,CVE-2023-49463,libheif v1.17.5 was discovered to contain a segmentation violation via the function find_exif_tag at /libheif/exif.cc.,None
Negligible,CVE-2017-9937,"In LibTIFF 4.0.8, there is a memory malloc failure in tif_jbig.c. A crafted TIFF document can lead to an abort resulting in a remote denial of service attack.",None
Negligible,CVE-2024-26461,Kerberos 5 (aka krb5) 1.21.2 contains a memory leak vulnerability in /krb5/src/lib/gssapi/krb5/k5sealv3.c.,None
Negligible,CVE-2024-26458,Kerberos 5 (aka krb5) 1.21.2 contains a memory leak in /krb5/src/lib/rpc/pmap_rmt.c.,None
Negligible,CVE-2018-5709,"An issue was discovered in MIT Kerberos 5 (aka krb5) through 1.16. There is a variable ""dbentry->n_key_data"" in kadmin/dbutil/dump.c that can store 16-bit data but unknowingly the developer has assigned a ""u4"" variable to it, which is for 32-bit data. An attacker can use this vulnerability to affect other artifacts of the database as we know that a Kerberos database dump file contains trusted data.",None
Negligible,CVE-2024-26461,Kerberos 5 (aka krb5) 1.21.2 contains a memory leak vulnerability in /krb5/src/lib/gssapi/krb5/k5sealv3.c.,None
Negligible,CVE-2024-26458,Kerberos 5 (aka krb5) 1.21.2 contains a memory leak in /krb5/src/lib/rpc/pmap_rmt.c.,None
Negligible,CVE-2018-5709,"An issue was discovered in MIT Kerberos 5 (aka krb5) through 1.16. There is a variable ""dbentry->n_key_data"" in kadmin/dbutil/dump.c that can store 16-bit data but unknowingly the developer has assigned a ""u4"" variable to it, which is for 32-bit data. An attacker can use this vulnerability to affect other artifacts of the database as we know that a Kerberos database dump file contains trusted data.",None
Negligible,CVE-2024-26461,Kerberos 5 (aka krb5) 1.21.2 contains a memory leak vulnerability in /krb5/src/lib/gssapi/krb5/k5sealv3.c.,None
Negligible,CVE-2024-26458,Kerberos 5 (aka krb5) 1.21.2 contains a memory leak in /krb5/src/lib/rpc/pmap_rmt.c.,None
Negligible,CVE-2018-5709,"An issue was discovered in MIT Kerberos 5 (aka krb5) through 1.16. There is a variable ""dbentry->n_key_data"" in kadmin/dbutil/dump.c that can store 16-bit data but unknowingly the developer has assigned a ""u4"" variable to it, which is for 32-bit data. An attacker can use this vulnerability to affect other artifacts of the database as we know that a Kerberos database dump file contains trusted data.",None
Negligible,CVE-2022-0563,"A flaw was found in the util-linux chfn and chsh utilities when compiled with Readline support. The Readline library uses an ""INPUTRC"" environment variable to get a path to the library config file. When the library cannot parse the specified file, it prints an error message containing data from the file. This flaw allows an unprivileged user to read root-owned files, potentially leading to privilege escalation. This flaw affects util-linux versions prior to 2.37.4.",None
Negligible,CVE-2021-4214,"A heap overflow flaw was found in libpngs' pngimage.c program. This flaw allows an attacker with local network access to pass a specially crafted PNG file to the pngimage utility, causing an application to crash, leading to a denial of service.",None
Negligible,CVE-2022-0563,"A flaw was found in the util-linux chfn and chsh utilities when compiled with Readline support. The Readline library uses an ""INPUTRC"" environment variable to get a path to the library config file. When the library cannot parse the specified file, it prints an error message containing data from the file. This flaw allows an unprivileged user to read root-owned files, potentially leading to privilege escalation. This flaw affects util-linux versions prior to 2.37.4.",None
Negligible,CVE-2023-4039,"**DISPUTED**A failure in the -fstack-protector feature in GCC-based toolchains  that target AArch64 allows an attacker to exploit an existing buffer  overflow in dynamically-sized local variables in your application  without this being detected. This stack-protector failure only applies  to C99-style dynamically-sized local variables or those created using  alloca(). The stack-protector operates as intended for statically-sized  local variables.  The default behavior when the stack-protector  detects an overflow is to terminate your application, resulting in  controlled loss of availability. An attacker who can exploit a buffer  overflow without triggering the stack-protector might be able to change  program flow control to cause an uncontrolled loss of availability or to  go further and affect confidentiality or integrity. NOTE: The GCC project argues that this is a missed hardening bug and not a vulnerability by itself.",None
Negligible,CVE-2022-27943,"libiberty/rust-demangle.c in GNU GCC 11.2 allows stack consumption in demangle_const, as demonstrated by nm-new.",None
Negligible,CVE-2023-31439,"An issue was discovered in systemd 253. An attacker can modify the contents of past events in a sealed log file and then adjust the file such that checking the integrity shows no error, despite modifications. NOTE: the vendor reportedly sent ""a reply denying that any of the finding was a security vulnerability.""",None
Negligible,CVE-2023-31438,"An issue was discovered in systemd 253. An attacker can truncate a sealed log file and then resume log sealing such that checking the integrity shows no error, despite modifications. NOTE: the vendor reportedly sent ""a reply denying that any of the finding was a security vulnerability.""",None
Negligible,CVE-2023-31437,"An issue was discovered in systemd 253. An attacker can modify a sealed log file such that, in some views, not all existing and sealed log messages are displayed. NOTE: the vendor reportedly sent ""a reply denying that any of the finding was a security vulnerability.""",None
Negligible,CVE-2013-4392,"systemd, when updating file permissions, allows local users to change the permissions and SELinux security contexts for arbitrary files via a symlink attack on unspecified files.",None
Negligible,CVE-2023-6228,An issue was found in the tiffcp utility distributed by the libtiff package where a crafted TIFF file on processing may cause a heap-based buffer overflow leads to an application crash.,None
Negligible,CVE-2023-3164,"A heap-buffer-overflow vulnerability was found in LibTIFF, in extractImageSection() at tools/tiffcrop.c:7916 and tools/tiffcrop.c:7801. This flaw allows attackers to cause a denial of service via a crafted tiff file.",None
Negligible,CVE-2023-1916,"A flaw was found in tiffcrop, a program distributed by the libtiff package. A specially crafted tiff file can lead to an out-of-bounds read in the extractImageSection function in tools/tiffcrop.c, resulting in a denial of service and limited information disclosure. This issue affects libtiff versions 4.x.",None
Negligible,CVE-2022-1210,A vulnerability classified as problematic was found in LibTIFF 4.3.0. Affected by this vulnerability is the TIFF File Handler of tiff2ps. Opening a malicious file leads to a denial of service. The attack can be launched remotely but requires user interaction. The exploit has been disclosed to the public and may be used.,None
Negligible,CVE-2018-10126,"ijg-libjpeg before 9d, as used in tiff2pdf (from LibTIFF) and other products, does not check for a NULL pointer at a certain place in jpeg_fdct_16x16 in jfdctint.c.",None
Negligible,CVE-2017-9117,"In LibTIFF 4.0.6 and possibly other versions, the program processes BMP images without verifying that biWidth and biHeight in the bitmap-information header match the actual input, as demonstrated by a heap-based buffer over-read in bmp2tiff. NOTE: mentioning bmp2tiff does not imply that the activation point is in the bmp2tiff.c file (which was removed before the 4.0.7 release).",None
Negligible,CVE-2017-5563,LibTIFF version 4.0.7 is vulnerable to a heap-based buffer over-read in tif_lzw.c resulting in DoS or code execution via a crafted bmp image to tools/bmp2tiff.,None
Negligible,CVE-2017-17973,"In LibTIFF 4.0.8, there is a heap-based use-after-free in the t2p_writeproc function in tiff2pdf.c. NOTE: there is a third-party report of inability to reproduce this issue",None
Negligible,CVE-2017-16232,"LibTIFF 4.0.8 has multiple memory leak vulnerabilities, which allow attackers to cause a denial of service (memory consumption), as demonstrated by tif_open.c, tif_lzw.c, and tif_aux.c. NOTE: Third parties were unable to reproduce the issue",None
Negligible,CVE-2023-31439,"An issue was discovered in systemd 253. An attacker can modify the contents of past events in a sealed log file and then adjust the file such that checking the integrity shows no error, despite modifications. NOTE: the vendor reportedly sent ""a reply denying that any of the finding was a security vulnerability.""",None
Negligible,CVE-2023-31438,"An issue was discovered in systemd 253. An attacker can truncate a sealed log file and then resume log sealing such that checking the integrity shows no error, despite modifications. NOTE: the vendor reportedly sent ""a reply denying that any of the finding was a security vulnerability.""",None
Negligible,CVE-2023-31437,"An issue was discovered in systemd 253. An attacker can modify a sealed log file such that, in some views, not all existing and sealed log messages are displayed. NOTE: the vendor reportedly sent ""a reply denying that any of the finding was a security vulnerability.""",None
Negligible,CVE-2013-4392,"systemd, when updating file permissions, allows local users to change the permissions and SELinux security contexts for arbitrary files via a symlink attack on unspecified files.",None
Negligible,CVE-2022-0563,"A flaw was found in the util-linux chfn and chsh utilities when compiled with Readline support. The Readline library uses an ""INPUTRC"" environment variable to get a path to the library config file. When the library cannot parse the specified file, it prints an error message containing data from the file. This flaw allows an unprivileged user to read root-owned files, potentially leading to privilege escalation. This flaw affects util-linux versions prior to 2.37.4.",None
Negligible,CVE-2007-5686,"initscripts in rPath Linux 1 sets insecure permissions for the /var/log/btmp file, which allows local users to obtain sensitive information regarding authentication attempts.  NOTE: because sshd detects the insecure permissions and does not log certain events, this also prevents sshd from logging failed authentication attempts by remote attackers.",None
Negligible,CVE-2022-0563,"A flaw was found in the util-linux chfn and chsh utilities when compiled with Readline support. The Readline library uses an ""INPUTRC"" environment variable to get a path to the library config file. When the library cannot parse the specified file, it prints an error message containing data from the file. This flaw allows an unprivileged user to read root-owned files, potentially leading to privilege escalation. This flaw affects util-linux versions prior to 2.37.4.",None
Negligible,CVE-2007-5686,"initscripts in rPath Linux 1 sets insecure permissions for the /var/log/btmp file, which allows local users to obtain sensitive information regarding authentication attempts.  NOTE: because sshd detects the insecure permissions and does not log certain events, this also prevents sshd from logging failed authentication attempts by remote attackers.",None
Negligible,CVE-2023-31486,"HTTP::Tiny before 0.083, a Perl core module since 5.13.9 and available standalone on CPAN, has an insecure default TLS configuration where users must opt in to verify certificates.",None
Negligible,CVE-2011-4116,_is_safe in the File::Temp module for Perl does not properly handle symlinks.,None
Negligible,CVE-2005-2541,"Tar 1.15.1 does not properly warn the user when extracting setuid or setgid files, which may allow local users or remote attackers to gain privileges.",None
Negligible,CVE-2022-0563,"A flaw was found in the util-linux chfn and chsh utilities when compiled with Readline support. The Readline library uses an ""INPUTRC"" environment variable to get a path to the library config file. When the library cannot parse the specified file, it prints an error message containing data from the file. This flaw allows an unprivileged user to read root-owned files, potentially leading to privilege escalation. This flaw affects util-linux versions prior to 2.37.4.",None
Negligible,CVE-2022-0563,"A flaw was found in the util-linux chfn and chsh utilities when compiled with Readline support. The Readline library uses an ""INPUTRC"" environment variable to get a path to the library config file. When the library cannot parse the specified file, it prints an error message containing data from the file. This flaw allows an unprivileged user to read root-owned files, potentially leading to privilege escalation. This flaw affects util-linux versions prior to 2.37.4.",None
Low,CVE-2016-2781,"chroot in GNU coreutils, when used with --userspec, allows local users to escape to the parent session via a crafted TIOCSTI ioctl call, which pushes characters to the terminal's input buffer.",None
Low,CVE-2023-51792,Buffer Overflow vulnerability in libde265 v1.0.12 allows a local attacker to cause a denial of service via the allocation size exceeding the maximum supported size of 0x10000000000.,None
Low,CVE-2024-56433,"shadow-utils (aka shadow) 4.4 through 4.17.0 establishes a default /etc/subuid behavior (e.g., uid 100000 through 165535 for the first user account) that can realistically conflict with the uids of users defined on locally administered networks, potentially leading to account takeover, e.g., by leveraging newuidmap for access to an NFS home directory (or same-host resources in the case of remote logins by these local network users). NOTE: it may also be argued that system administrators should not have assigned uids, within local networks, that are within the range that can occur in /etc/subuid.",None
Low,CVE-2023-29383,"In Shadow 4.13, it is possible to inject control characters into fields provided to the SUID program chfn (change finger). Although it is not possible to exploit this directly (e.g., adding a new user fails because \n is in the block list), it is possible to misrepresent the /etc/passwd file when viewed. Use of \r manipulations and Unicode characters to work around blocking of the : character make it possible to give the impression that a new user has been added. In other words, an adversary may be able to convince a system administrator to take the system offline (an indirect, social-engineered denial of service) by demonstrating that ""cat /etc/passwd"" shows a rogue user account.",None
Low,CVE-2024-56433,"shadow-utils (aka shadow) 4.4 through 4.17.0 establishes a default /etc/subuid behavior (e.g., uid 100000 through 165535 for the first user account) that can realistically conflict with the uids of users defined on locally administered networks, potentially leading to account takeover, e.g., by leveraging newuidmap for access to an NFS home directory (or same-host resources in the case of remote logins by these local network users). NOTE: it may also be argued that system administrators should not have assigned uids, within local networks, that are within the range that can occur in /etc/subuid.",None
Low,CVE-2023-29383,"In Shadow 4.13, it is possible to inject control characters into fields provided to the SUID program chfn (change finger). Although it is not possible to exploit this directly (e.g., adding a new user fails because \n is in the block list), it is possible to misrepresent the /etc/passwd file when viewed. Use of \r manipulations and Unicode characters to work around blocking of the : character make it possible to give the impression that a new user has been added. In other words, an adversary may be able to convince a system administrator to take the system offline (an indirect, social-engineered denial of service) by demonstrating that ""cat /etc/passwd"" shows a rogue user account.",None
Unknown,CVE-2025-24528,,None
Unknown,CVE-2024-26462,Kerberos 5 (aka krb5) 1.21.2 contains a memory leak vulnerability in /krb5/src/kdc/ndr.c.,None
Unknown,CVE-2025-24528,,None
Unknown,CVE-2024-26462,Kerberos 5 (aka krb5) 1.21.2 contains a memory leak vulnerability in /krb5/src/kdc/ndr.c.,None
Unknown,CVE-2025-24528,,None
Unknown,CVE-2024-26462,Kerberos 5 (aka krb5) 1.21.2 contains a memory leak vulnerability in /krb5/src/kdc/ndr.c.,None
Unknown,CVE-2025-24528,,None
Unknown,CVE-2024-26462,Kerberos 5 (aka krb5) 1.21.2 contains a memory leak vulnerability in /krb5/src/kdc/ndr.c.,None
Unknown,CVE-2025-24528,,None
Unknown,CVE-2024-26462,Kerberos 5 (aka krb5) 1.21.2 contains a memory leak vulnerability in /krb5/src/kdc/ndr.c.,None
Critical,CVE-2023-6879,"Increasing the resolution of video frames, while performing a multi-threaded encode, can result in a heap overflow in av1_loop_restoration_dealloc().",None
Critical,CVE-2023-45853,"MiniZip in zlib through 1.3 has an integer overflow and resultant heap-based buffer overflow in zipOpenNewFileInZip4_64 via a long filename, comment, or extra field. NOTE: MiniZip is not a supported part of the zlib product. NOTE: pyminizip through 0.2.6 is also vulnerable because it bundles an affected zlib version, and exposes the applicable MiniZip code through its compress API.",None
High,CVE-2023-39616,AOMedia v3.0.0 to v3.5.0 was discovered to contain an invalid read memory access via the component assign_frame_buffer_p in av1/common/av1_common_int.h.,None
High,CVE-2025-0395,"When the assert() function in the GNU C Library versions 2.13 to 2.40 fails, it does not allocate enough space for the assertion failure message string and size information, which may lead to a buffer overflow if the message string size aligns to page size.",None
High,CVE-2025-0395,"When the assert() function in the GNU C Library versions 2.13 to 2.40 fails, it does not allocate enough space for the assertion failure message string and size information, which may lead to a buffer overflow if the message string size aligns to page size.",None
High,CVE-2025-0395,"When the assert() function in the GNU C Library versions 2.13 to 2.40 fails, it does not allocate enough space for the assertion failure message string and size information, which may lead to a buffer overflow if the message string size aligns to page size.",None
High,CVE-2025-0395,"When the assert() function in the GNU C Library versions 2.13 to 2.40 fails, it does not allocate enough space for the assertion failure message string and size information, which may lead to a buffer overflow if the message string size aligns to page size.",None
High,CVE-2025-0395,"When the assert() function in the GNU C Library versions 2.13 to 2.40 fails, it does not allocate enough space for the assertion failure message string and size information, which may lead to a buffer overflow if the message string size aligns to page size.",None
High,CVE-2023-52425,libexpat through 2.5.0 allows a denial of service (resource consumption) because many full reparsings are required in the case of a large token for which multiple buffer fills are needed.,None
High,CVE-2023-52355,An out-of-memory flaw was found in libtiff that could be triggered by passing a crafted tiff file to the TIFFRasterScanlineSize64() API. This flaw allows a remote attacker to cause a denial of service via a crafted input with a size smaller than 379 KB.,None
High,CVE-2023-31484,CPAN.pm before 2.35 does not verify TLS certificates when downloading distributions over HTTPS.,None
Medium,CVE-2023-32570,"VideoLAN dav1d before 1.2.0 has a thread_task.c race condition that can lead to an application crash, related to dav1d_decode_frame_exit.",None
Medium,CVE-2024-38950,Heap Buffer Overflow vulnerability in Libde265 v1.0.15 allows attackers to crash the application via crafted payload to __interceptor_memcpy function.,None
Medium,CVE-2024-38949,Heap Buffer Overflow vulnerability in Libde265 v1.0.15 allows attackers to crash the application via crafted payload to display444as420 function at sdl.cc,None
Medium,CVE-2024-50602,An issue was discovered in libexpat before 2.6.4. There is a crash within the XML_ResumeParser function because XML_StopParser can stop/suspend an unstarted parser.,None
Medium,CVE-2024-2236,"A timing-based side-channel flaw was found in libgcrypt's RSA implementation. This issue may allow a remote attacker to initiate a Bleichenbacher-style attack, which can lead to the decryption of RSA ciphertexts.",None
Medium,CVE-2024-12243,,None
Medium,CVE-2024-22365,linux-pam (aka Linux PAM) before 1.6.0 allows attackers to cause a denial of service (blocked login process) via mkfifo because the openat call (for protect_dir) lacks O_DIRECTORY.,None
Medium,CVE-2024-10041,"A vulnerability was found in PAM. The secret information is stored in memory, where the attacker can trigger the victim program to execute by sending characters to its standard input (stdin). As this occurs, the attacker can train the branch predictor to execute an ROP chain speculatively. This flaw could result in leaked passwords, such as those found in /etc/shadow while performing authentications.",None
Medium,CVE-2024-22365,linux-pam (aka Linux PAM) before 1.6.0 allows attackers to cause a denial of service (blocked login process) via mkfifo because the openat call (for protect_dir) lacks O_DIRECTORY.,None
Medium,CVE-2024-10041,"A vulnerability was found in PAM. The secret information is stored in memory, where the attacker can trigger the victim program to execute by sending characters to its standard input (stdin). As this occurs, the attacker can train the branch predictor to execute an ROP chain speculatively. This flaw could result in leaked passwords, such as those found in /etc/shadow while performing authentications.",None
Medium,CVE-2024-22365,linux-pam (aka Linux PAM) before 1.6.0 allows attackers to cause a denial of service (blocked login process) via mkfifo because the openat call (for protect_dir) lacks O_DIRECTORY.,None
Medium,CVE-2024-10041,"A vulnerability was found in PAM. The secret information is stored in memory, where the attacker can trigger the victim program to execute by sending characters to its standard input (stdin). As this occurs, the attacker can train the branch predictor to execute an ROP chain speculatively. This flaw could result in leaked passwords, such as those found in /etc/shadow while performing authentications.",None
Medium,CVE-2024-22365,linux-pam (aka Linux PAM) before 1.6.0 allows attackers to cause a denial of service (blocked login process) via mkfifo because the openat call (for protect_dir) lacks O_DIRECTORY.,None
Medium,CVE-2024-10041,"A vulnerability was found in PAM. The secret information is stored in memory, where the attacker can trigger the victim program to execute by sending characters to its standard input (stdin). As this occurs, the attacker can train the branch predictor to execute an ROP chain speculatively. This flaw could result in leaked passwords, such as those found in /etc/shadow while performing authentications.",None
Medium,CVE-2024-13176,"Issue summary: A timing side-channel which could potentially allow recovering the private key exists in the ECDSA signature computation.  Impact summary: A timing side-channel in ECDSA signature computations could allow recovering the private key by an attacker. However, measuring the timing would require either local access to the signing application or a very fast network connection with low latency.  There is a timing signal of around 300 nanoseconds when the top word of the inverted ECDSA nonce value is zero. This can happen with significant probability only for some of the supported elliptic curves. In particular the NIST P-521 curve is affected. To be able to measure this leak, the attacker process must either be located in the same physical computer or must have a very fast network connection with low latency. For that reason the severity of this vulnerability is Low.",None
Medium,CVE-2023-6277,An out-of-memory flaw was found in libtiff. Passing a crafted tiff file to TIFFOpen() API may allow a remote attacker to cause a denial of service via a craft input with size smaller than 379 KB.,None
Medium,CVE-2023-50495,NCurse v6.4-20230418 was discovered to contain a segmentation fault via the component _nc_wrap_entry().,None
Medium,CVE-2023-4641,"A flaw was found in shadow-utils. When asking for a new password, shadow-utils asks the password twice. If the password fails on the second attempt, shadow-utils fails in cleaning the buffer used to store the first entry. This may allow an attacker with enough access to retrieve the password from the memory.",None
Medium,CVE-2023-50495,NCurse v6.4-20230418 was discovered to contain a segmentation fault via the component _nc_wrap_entry().,None
Medium,CVE-2023-50495,NCurse v6.4-20230418 was discovered to contain a segmentation fault via the component _nc_wrap_entry().,None
Medium,CVE-2024-13176,"Issue summary: A timing side-channel which could potentially allow recovering the private key exists in the ECDSA signature computation.  Impact summary: A timing side-channel in ECDSA signature computations could allow recovering the private key by an attacker. However, measuring the timing would require either local access to the signing application or a very fast network connection with low latency.  There is a timing signal of around 300 nanoseconds when the top word of the inverted ECDSA nonce value is zero. This can happen with significant probability only for some of the supported elliptic curves. In particular the NIST P-521 curve is affected. To be able to measure this leak, the attacker process must either be located in the same physical computer or must have a very fast network connection with low latency. For that reason the severity of this vulnerability is Low.",None
Medium,CVE-2023-4641,"A flaw was found in shadow-utils. When asking for a new password, shadow-utils asks the password twice. If the password fails on the second attempt, shadow-utils fails in cleaning the buffer used to store the first entry. This may allow an attacker with enough access to retrieve the password from the memory.",None
